<?xml version="1.0" encoding="UTF-8" standalone="yes"?>
<app version="1">
	<name>Doodle Jump</name>
	<coder>Jorel</coder>
	<version>0.3</version>
	<release_date>201804080000</release_date>
	<short_description>Doodle Jump Wii</short_description>
	<long_description>
Doodle Jump recreated for the Wii.

Controls:
	(A) Restart (when game over)
	(1) [EXPERIMENTAL] Take a screenshot
	(+) Pause
	(Home) Exit to loader

Credits:
	Libogc/devkitPPC: shagkur, WinterMute (and all other contributers)
	GRRLIB: NoNameNo (and other contributers)
	
Special Thanks:
	My beta testers: 
	Doodle Jump Creator: Lima Sky
</long_description>
</app>

